Page,URL/Slug,Category,Intent,Primary Keyword,Secondary Keywords,SEO Action
Homepage,/,Brand / directory,Discovery,yono games,yono games app; yono games download; latest yono games,Keep the homepage focused on the brand + directory purpose; do not stuff repeated terms.
All Games,/all-games.html,Directory,Discovery,yono games list,all yono games; yono game list; yono games directory,Make the 51-game list crawlable and link to every game page.
Categories,/categories.html,Category hub,Discovery,yono game categories,yono rummy games; yono slots games; yono spin games; yono arcade games,"Use as a navigation hub, not as thin doorway pages."
Guides,/guides.html,Guides hub,Informational,yono games guide,game app safety; download safety; app permissions; privacy,"Expand only with genuinely useful, original guidance."
Yono Rummy Guide,/guides/yono-rummy-games-guide.html,Rummy guide,Informational,yono rummy games,yono rummy list; rummy game apps,Link to relevant rummy game pages.
Yono Slots Guide,/guides/yono-slots-games-guide.html,Slots guide,Informational,yono slots games,yono slots list; slots game apps,Keep claims factual and current.
Yono Spin Guide,/guides/yono-spin-games-guide.html,Spin guide,Informational,yono spin games,yono spin list; spin game apps,Keep claims factual and current.
Yono Arcade Guide,/guides/yono-arcade-games-guide.html,Arcade guide,Informational,yono arcade games,yono arcade list; arcade game apps,Keep claims factual and current.
101 Z,101z-new,Game,Game information,101 Z game app,101 Z download; 101 Z game; 101 Z app,"Use only factual page details; avoid unverified bonus, winnings, safety or official-status claims."
567 Slots,567-slots-new,Slots,Game information,567 Slots game app,567 Slots download; 567 Slots game; 567 Slots app,"Use only factual page details; avoid unverified bonus, winnings, safety or official-status claims."
777 Game,777-game-new,777 / Game,Game information,777 Game game app,777 Game download; 777 Game game; 777 Game app,"Use only factual page details; avoid unverified bonus, winnings, safety or official-status claims."
789 Jackpots,789-jackpots-new,Jackpots,Game information,789 Jackpots game app,789 Jackpots download; 789 Jackpots game; 789 Jackpots app,"Use only factual page details; avoid unverified bonus, winnings, safety or official-status claims."
ABC Rummy,abc-rummy-new,Rummy,Game information,ABC Rummy game app,ABC Rummy download; ABC Rummy game; ABC Rummy app,"Use only factual page details; avoid unverified bonus, winnings, safety or official-status claims."
Bingo101,bingo101-new,Bingo,Game information,Bingo101 game app,Bingo101 download; Bingo101 game; Bingo101 app,"Use only factual page details; avoid unverified bonus, winnings, safety or official-status claims."
Boss Rummy,boss-rummy-new,Rummy,Game information,Boss Rummy game app,Boss Rummy download; Boss Rummy game; Boss Rummy app,"Use only factual page details; avoid unverified bonus, winnings, safety or official-status claims."
Club INR,club-inr-new,Game,Game information,Club INR game app,Club INR download; Club INR game; Club INR app,"Use only factual page details; avoid unverified bonus, winnings, safety or official-status claims."
Dhan Game,dhan-game-new,Game,Game information,Dhan Game game app,Dhan Game download; Dhan Game game; Dhan Game app,"Use only factual page details; avoid unverified bonus, winnings, safety or official-status claims."
DiwaTop,diwatop-new,Game,Game information,DiwaTop game app,DiwaTop download; DiwaTop game; DiwaTop app,"Use only factual page details; avoid unverified bonus, winnings, safety or official-status claims."
Gogo Rummy,gogo-rummy-new,Rummy,Game information,Gogo Rummy game app,Gogo Rummy download; Gogo Rummy game; Gogo Rummy app,"Use only factual page details; avoid unverified bonus, winnings, safety or official-status claims."
Gold Rummy,gold-rummy-new,Rummy,Game information,Gold Rummy game app,Gold Rummy download; Gold Rummy game; Gold Rummy app,"Use only factual page details; avoid unverified bonus, winnings, safety or official-status claims."
Hi Rummy,hi-rummy-new,Rummy,Game information,Hi Rummy game app,Hi Rummy download; Hi Rummy game; Hi Rummy app,"Use only factual page details; avoid unverified bonus, winnings, safety or official-status claims."
Hindi 777,hindi-777,777 / Game,Game information,Hindi 777 game app,Hindi 777 download; Hindi 777 game; Hindi 777 app,"Use only factual page details; avoid unverified bonus, winnings, safety or official-status claims."
IND Club,ind-club-new,Game,Game information,IND Club game app,IND Club download; IND Club game; IND Club app,"Use only factual page details; avoid unverified bonus, winnings, safety or official-status claims."
IND Slots,ind-slots-new,Slots,Game information,IND Slots game app,IND Slots download; IND Slots game; IND Slots app,"Use only factual page details; avoid unverified bonus, winnings, safety or official-status claims."
INR Rummy,inr-rummy-new,Rummy,Game information,INR Rummy game app,INR Rummy download; INR Rummy game; INR Rummy app,"Use only factual page details; avoid unverified bonus, winnings, safety or official-status claims."
Jaiho 777,jaiho-777,777 / Game,Game information,Jaiho 777 game app,Jaiho 777 download; Jaiho 777 game; Jaiho 777 app,"Use only factual page details; avoid unverified bonus, winnings, safety or official-status claims."
Jaiho 91,jaiho-91,Game,Game information,Jaiho 91 game app,Jaiho 91 download; Jaiho 91 game; Jaiho 91 app,"Use only factual page details; avoid unverified bonus, winnings, safety or official-status claims."
Jaiho Arcade,jaiho-arcade-new,Arcade,Game information,Jaiho Arcade game app,Jaiho Arcade download; Jaiho Arcade game; Jaiho Arcade app,"Use only factual page details; avoid unverified bonus, winnings, safety or official-status claims."
Jaiho Rummy,jaiho-rummy-new,Rummy,Game information,Jaiho Rummy game app,Jaiho Rummy download; Jaiho Rummy game; Jaiho Rummy app,"Use only factual page details; avoid unverified bonus, winnings, safety or official-status claims."
Jaiho Slots,jaiho-slots,Slots,Game information,Jaiho Slots game app,Jaiho Slots download; Jaiho Slots game; Jaiho Slots app,"Use only factual page details; avoid unverified bonus, winnings, safety or official-status claims."
Jaiho Spin,jaiho-spin-new,Spin,Game information,Jaiho Spin game app,Jaiho Spin download; Jaiho Spin game; Jaiho Spin app,"Use only factual page details; avoid unverified bonus, winnings, safety or official-status claims."
Jaiho Win,jaiho-win-new,Game,Game information,Jaiho Win game app,Jaiho Win download; Jaiho Win game; Jaiho Win app,"Use only factual page details; avoid unverified bonus, winnings, safety or official-status claims."
Joy Rummy,joy-rummy-new,Rummy,Game information,Joy Rummy game app,Joy Rummy download; Joy Rummy game; Joy Rummy app,"Use only factual page details; avoid unverified bonus, winnings, safety or official-status claims."
Love Rummy,love-rummy-new,Rummy,Game information,Love Rummy game app,Love Rummy download; Love Rummy game; Love Rummy app,"Use only factual page details; avoid unverified bonus, winnings, safety or official-status claims."
Maha Games,maha-games-new,Game,Game information,Maha Games game app,Maha Games download; Maha Games game; Maha Games app,"Use only factual page details; avoid unverified bonus, winnings, safety or official-status claims."
Max Rummy,max-rummy-new,Rummy,Game information,Max Rummy game app,Max Rummy download; Max Rummy game; Max Rummy app,"Use only factual page details; avoid unverified bonus, winnings, safety or official-status claims."
MBM Bet,mbm-bet-new,Bet / Game,Game information,MBM Bet game app,MBM Bet download; MBM Bet game; MBM Bet app,"Use only factual page details; avoid unverified bonus, winnings, safety or official-status claims."
Neta VIP,neta-vip-new,VIP / Game,Game information,Neta VIP game app,Neta VIP download; Neta VIP game; Neta VIP app,"Use only factual page details; avoid unverified bonus, winnings, safety or official-status claims."
OK Rummy,ok-rummy,Rummy,Game information,OK Rummy game app,OK Rummy download; OK Rummy game; OK Rummy app,"Use only factual page details; avoid unverified bonus, winnings, safety or official-status claims."
Rummy Ludo,rummy-ludo-new,Rummy,Game information,Rummy Ludo game app,Rummy Ludo download; Rummy Ludo game; Rummy Ludo app,"Use only factual page details; avoid unverified bonus, winnings, safety or official-status claims."
Rummy 91,rummy91-new,Rummy,Game information,Rummy 91 game app,Rummy 91 download; Rummy 91 game; Rummy 91 app,"Use only factual page details; avoid unverified bonus, winnings, safety or official-status claims."
Rummy Joys,rummyjoys,Rummy,Game information,Rummy Joys game app,Rummy Joys download; Rummy Joys game; Rummy Joys app,"Use only factual page details; avoid unverified bonus, winnings, safety or official-status claims."
Saga Slots,saga-slots-new,Slots,Game information,Saga Slots game app,Saga Slots download; Saga Slots game; Saga Slots app,"Use only factual page details; avoid unverified bonus, winnings, safety or official-status claims."
Share Slots,share-slots-new,Slots,Game information,Share Slots game app,Share Slots download; Share Slots game; Share Slots app,"Use only factual page details; avoid unverified bonus, winnings, safety or official-status claims."
Slots Spin,slots-spin-new,Slots,Game information,Slots Spin game app,Slots Spin download; Slots Spin game; Slots Spin app,"Use only factual page details; avoid unverified bonus, winnings, safety or official-status claims."
Slots Winner,slots-winner-new,Slots,Game information,Slots Winner game app,Slots Winner download; Slots Winner game; Slots Winner app,"Use only factual page details; avoid unverified bonus, winnings, safety or official-status claims."
Spin Crush,spin-crush,Spin,Game information,Spin Crush game app,Spin Crush download; Spin Crush game; Spin Crush app,"Use only factual page details; avoid unverified bonus, winnings, safety or official-status claims."
Spin Winner,spin-winner-new,Spin,Game information,Spin Winner game app,Spin Winner download; Spin Winner game; Spin Winner app,"Use only factual page details; avoid unverified bonus, winnings, safety or official-status claims."
Spin101,spin101-new,Spin,Game information,Spin101 game app,Spin101 download; Spin101 game; Spin101 app,"Use only factual page details; avoid unverified bonus, winnings, safety or official-status claims."
Spin 777,spin777-new,Spin,Game information,Spin 777 game app,Spin 777 download; Spin 777 game; Spin 777 app,"Use only factual page details; avoid unverified bonus, winnings, safety or official-status claims."
TOP RUMMY,top-rummy,Rummy,Game information,TOP RUMMY game app,TOP RUMMY download; TOP RUMMY game; TOP RUMMY app,"Use only factual page details; avoid unverified bonus, winnings, safety or official-status claims."
Win Rummy,win-rummy-new,Rummy,Game information,Win Rummy game app,Win Rummy download; Win Rummy game; Win Rummy app,"Use only factual page details; avoid unverified bonus, winnings, safety or official-status claims."
YN777,yn777-new,777 / Game,Game information,YN777 game app,YN777 download; YN777 game; YN777 app,"Use only factual page details; avoid unverified bonus, winnings, safety or official-status claims."
Yono 777,yono-777-new,777 / Game,Game information,Yono 777 game app,Yono 777 download; Yono 777 game; Yono 777 app,"Use only factual page details; avoid unverified bonus, winnings, safety or official-status claims."
Yono Arcade,yono-arcade-new,Arcade,Game information,Yono Arcade game app,Yono Arcade download; Yono Arcade game; Yono Arcade app,"Use only factual page details; avoid unverified bonus, winnings, safety or official-status claims."
Yono Games,yono-games-referral-new,Game,Game information,Yono Games game app,Yono Games download; Yono Games game; Yono Games app,"Use only factual page details; avoid unverified bonus, winnings, safety or official-status claims."
Yono Rummy,yono-rummy-new,Rummy,Game information,Yono Rummy game app,Yono Rummy download; Yono Rummy game; Yono Rummy app,"Use only factual page details; avoid unverified bonus, winnings, safety or official-status claims."
Yono Slots,yono-slots-new,Slots,Game information,Yono Slots game app,Yono Slots download; Yono Slots game; Yono Slots app,"Use only factual page details; avoid unverified bonus, winnings, safety or official-status claims."
Yono VIP,yono-vip-new,VIP / Game,Game information,Yono VIP game app,Yono VIP download; Yono VIP game; Yono VIP app,"Use only factual page details; avoid unverified bonus, winnings, safety or official-status claims."
