keyword,monthly_searches,seo_difficulty,market
"yono game",9140000,27,India
"all yono game",2740000,22,India
"yono game apk",201000,43,India
"yono game all",201000,9,India
"new yono game",165000,43,India
"yono game download",135000,44,India
"yono game 777",74000,36,India
"yono game new",60500,24,India
"yono game apk download",49500,19,India
"all yono game apk",40500,14,India
"yono game login",33100,31,India
"yono game 2",33100,21,India
"yono game app",33100,25,India
"yono game application",27100,13,India
"yono game spin",18100,21,India
"all yono game download",12100,19,India
"all yono games app",12100,17,India
"all yono game list",9900,25,India
"all yono game 777",5400,25,India
"new yono game download",1900,24,India
"yono game download 567",880,13,India
"all yono game 101z",590,11,India
"all yono game link",590,5,India
